"id","neighbourhood_name","state","state_lga_id","latitude","longitude","created_at","updated_at"
"1","Aba North","Abia","1","5.1268","7.3679",NULL,NULL
"2","Ahia Udele","Abia","1","5.4527","7.5248",NULL,NULL
"3","Aba South","Abia","2","5.0703","7.3409",NULL,NULL
"4","Obi Ngwa","Abia","3","5.141","7.4814",NULL,NULL
"5","Arochukwu","Abia","4","5.3845","7.8867",NULL,NULL
"6","Ohafia","Abia","5","5.6432","7.8399",NULL,NULL
"7","Amamgwu","Abia","5","5.8297","7.5215",NULL,NULL
"9","Ikwuano","Abia","6","5.4093","7.5897",NULL,NULL
"10","Bende","Abia","7","5.4527","7.5248",NULL,NULL
"11","Isiala-Ngwa North","Abia","8","5.2868","7.4165",NULL,NULL
"12","Isiala-Ngwa South","Abia","9","5.4114","7.4165",NULL,NULL
"13","Osisioma Ngwa","Abia","10","5.2049","7.3301",NULL,NULL
"14","Uturu","Abia","11","5.8308","7.4191",NULL,NULL
"15","Isuikwuato","Abia","11","5.807","7.4814",NULL,NULL
"16","Ugwunagbo","Abia","12","4.9981","7.3301",NULL,NULL
"17","Obehie","Abia","14","5.0034","7.3139",NULL,NULL
"18","Ubakala","Abia","16","5.5163","7.4864",NULL,NULL
"19","Umu-Neochi","Abia","17","5.9545","7.4165",NULL,NULL
"20","Hong","Adamawa","18","10.2308","12.92950241",NULL,NULL
"21","Numan","Adamawa","19","9.4534","12.03200307",NULL,NULL
"22","Jada","Adamawa","20","8.6888","12.3174",NULL,NULL
"23","Kojoli","Adamawa","20","8.5734","12.3765",NULL,NULL
"24","Demsa","Adamawa","21","9.4555","12.1526",NULL,NULL
"25","shelleng","Adamawa","22","9.8972","12.0147",NULL,NULL
"26","Song","Adamawa","23","9.8242","12.62371941",NULL,NULL
"27","Toungo","Adamawa","24","7.9895","11.77666992",NULL,NULL
"28","Lamurde","Adamawa","25","9.6057","11.79527239",NULL,NULL
"29","Madagali","Adamawa","26","10.8904","13.627597",NULL,NULL
"30","Maiha","Adamawa","27","10.0691","13.1842",NULL,NULL
"31","Fufore","Adamawa","28","9.221","12.6546",NULL,NULL
"32","Ganye","Adamawa","29","8.4605","12.0525",NULL,NULL
"33","Mayo-Belwa","Adamawa","30","9.0564","12.06191512",NULL,NULL
"34","Gayuk","Adamawa","31","9.8233","11.9348",NULL,NULL
"35","Guyuk","Adamawa","31","9.8847","11.93227882",NULL,NULL
"36","Michika","Adamawa","32","10.6258","13.3905",NULL,NULL
"37","Gombi","Adamawa","34","10.1548","12.73722101",NULL,NULL
"38","Mubi South","Adamawa","35","10.25972835","13.26032547",NULL,NULL
"39","Yola North","Adamawa","36","9.1777","12.41307997",NULL,NULL
"40","Jimeta","Adamawa","36","9.2795","12.4582",NULL,NULL
"41","Yola South","Adamawa","37","9.2611","12.41527535",NULL,NULL
"42","Girei","Adamawa","38","9.3673","12.5499",NULL,NULL
"43","Mkpat Enin","Akwa Ibom","39","4.7322","7.7485",NULL,NULL
"44","Abak","Akwa Ibom","40","5.0033","7.7743",NULL,NULL
"45","Nsit Atai","Akwa Ibom","41","4.8253","8.0247",NULL,NULL
"47","Nsit Ibom","Akwa Ibom","42","4.8987","7.9048",NULL,NULL
"48","Bolki","Adamawa","43","9.7833","12.55",NULL,NULL
"49","Ibesikpo Asutan","Akwa Ibom","45","4.9188","7.9484",NULL,NULL
"50","Ibiono Ibom","Akwa Ibom","46","5.1981","7.8939",NULL,NULL
"51","Obot Akara","Akwa Ibom","47","5.2712","7.6599",NULL,NULL
"54","Ika","Akwa Ibom","48","5.0061","7.5356",NULL,NULL
"55","Ikono","Akwa Ibom","49","5.1992","7.8069",NULL,NULL
"56","Okobo","Akwa Ibom","50","4.8243","8.112",NULL,NULL
"58","Ikot Abasi","Akwa Ibom","51","4.5739","7.5789",NULL,NULL
"60","Ikot Ekpene","Akwa Ibom","52","5.1744","7.7145",NULL,NULL
"62","Onna","Akwa Ibom","53","4.5812","7.8504",NULL,NULL
"63","Oron","Akwa Ibom","55","4.8074","8.2377",NULL,NULL
"64","Oruk Anam","Akwa Ibom","56","4.7882","7.6765",NULL,NULL
"65","Ini","Akwa Ibom","56","5.3866","7.7417",NULL,NULL
"67","Itu","Akwa Ibom","57","5.1551","8.0247",NULL,NULL
"68","Eket","Akwa Ibom","59","4.6467","7.9429",NULL,NULL
"69","Esit Eket","Akwa Ibom","60","4.6607","8.0683",NULL,NULL
"70","Essien Udim","Akwa Ibom","61","5.1185","7.6331",NULL,NULL
"71","Ebe Ikpe","Akwa Ibom","61","5.1034","7.7614",NULL,NULL
"72","Etim Ekpo","Akwa Ibom","63","5.0137","7.6139",NULL,NULL
"73","Ukanafun","Akwa Ibom","65","5.0024","7.743",NULL,NULL
"74","Ikot Ibekwe","Akwa Ibom","65","4.9044","7.5628",NULL,NULL
"75","Uruan","Akwa Ibom","66","5.0337","8.0683",NULL,NULL
"76","Uyo","Akwa Ibom","68","5.0377","7.9128",NULL,NULL
"77","Mbo","Akwa Ibom","69","4.6483","8.2541",NULL,NULL
"78","Njikoka","Anambra","70","6.1784","6.988",NULL,NULL
"79","Nawfia","Anambra","70","6.1881","7.022",NULL,NULL
"80","Enugwu-Ukwu","Anambra","70","6.172","7.0304",NULL,NULL
"81","Aguata","Anambra","71","6.0086","7.1009",NULL,NULL
"82","Uga","Anambra","71","6.4483","7.0794",NULL,NULL
"83","Nnewi North","Anambra","72","6.0137","6.9102",NULL,NULL
"84","Nnewi South","Anambra","73","5.9602","6.9853",NULL,NULL
"86","Idemili North","Anambra","74","6.1237","6.9478",NULL,NULL
"87","Obosi","Anambra","74","6.112","6.8324",NULL,NULL
"89","Idemili South","Anambra","75","6.0773","6.8673",NULL,NULL
"90","Anambra East","Anambra","76","6.3093","6.8673",NULL,NULL
"91","Otuocha","Anambra","76","6.3359","6.8512",NULL,NULL
"92","Aguleri","Anambra","76","6.3276","6.8807",NULL,NULL
"93","Anambra West","Anambra","77","6.3593","6.7497",NULL,NULL
"94","Anaocha","Anambra","78","6.0682","6.9963",NULL,NULL
"95","Ogbaru","Anambra","79","5.9213","6.728",NULL,NULL
"96","Iyiowa-Odekpe","Anambra","79","6.0576","6.7601",NULL,NULL
"97","Ihiala","Anambra","80","5.8516","6.8512",NULL,NULL
"99","Orsumoghu","Anambra","80","5.8722","6.935",NULL,NULL
"100","Okija","Anambra","80","5.8994","6.8354",NULL,NULL
"101","Awka North","Anambra","81","6.2636","7.1252",NULL,NULL
"102","Akwa North","Anambra","81","6.2636","7.1252",NULL,NULL
"103","Awka South","Anambra","82","6.2069","7.0678",NULL,NULL
"104","Akwa South","Anambra","82","6.2069","7.0678",NULL,NULL
"105","Ifite Awka","Anambra","82","6.2404","7.0902",NULL,NULL
"106","Nise","Anambra","82","6.1618","7.0525",NULL,NULL
"107","Anaku","Anambra","83","6.4684","6.9303",NULL,NULL
"108","Ayamelum","Anambra","83","6.4878","6.9639",NULL,NULL
"109","Onitsha North","Anambra","84","6.1624","6.8029",NULL,NULL
"110","Onitsha South","Anambra","85","6.1364","6.7762",NULL,NULL
"111","Ochanja Central Market Onitsha","Anambra","85","6.1385","6.7852",NULL,NULL
"112","Orumba North","Anambra","86","6.0543","7.2194",NULL,NULL
"114","Orumba South","Anambra","87","5.9994","7.2006",NULL,NULL
"115","Oyi","Anambra","88","6.2246","6.8887",NULL,NULL
"116","Ogbunike","Anambra","88","6.1759","6.88",NULL,NULL
"117","Nteje","Anambra","88","6.2637","6.9182",NULL,NULL
"118","Dunukofia","Anambra","89","6.2738","6.978",NULL,NULL
"119","Ekwusigo","Anambra","90","5.9566","6.8512",NULL,NULL
"120","Ozubulu","Anambra","90","5.9593","6.8485",NULL,NULL
"121","Nembe","Bayelsa","91","4.5328","6.4037",NULL,NULL
"122","Ogbia","Bayelsa","92","4.6901","6.3213",NULL,NULL
"123","Otuoke","Bayelsa","92","4.7944","6.3146",NULL,NULL
"124","Oloibiri","Bayelsa","92","4.6703","6.3126",NULL,NULL
"125","Brass","Bayelsa","93","4.3078","6.2456",NULL,NULL
"126","Brass Island","Bayelsa","93","4.3169","6.2428",NULL,NULL
"127","Sagbama","Bayelsa","94","5.1593","6.1971",NULL,NULL
"128","Sagbama ","Bayelsa","94","5.1593","6.1971",NULL,NULL
"129","Southern Ijaw","Bayelsa","95","4.6198","5.9833",NULL,NULL
"130","Southern Ijaw ","Bayelsa","95","4.6198","5.9833",NULL,NULL
"131","Olugbobiri","Bayelsa","95","4.6504","5.9871",NULL,NULL
"132","Ijaw","Bayelsa","95","4.4701","6.2541",NULL,NULL
"133","Kolokuma/Opokuma","Bayelsa","96","5.092","6.2588",NULL,NULL
"134","Opokuma","Bayelsa","96","5.0786","6.2665",NULL,NULL
"136","Kolokuma","Bayelsa","96","5.092","6.2588",NULL,NULL
"137","Ekeremor","Bayelsa","97","5.0563","5.7813",NULL,NULL
"139","Yenagoa","Bayelsa","98","4.9514","6.3492",NULL,NULL
"141","Opolo","Bayelsa","98","4.9128","6.3412",NULL,NULL
"142","Azikoro","Bayelsa","98","4.89","6.296",NULL,NULL
"143","Okaka community","Bayelsa","98","4.9183","6.304",NULL,NULL
"144","Amarata Yenagoa","Bayelsa","98","4.9514","6.3492",NULL,NULL
"145","Guma","Benue","99","7.9541","8.7481",NULL,NULL
"146","Ikpayongo","Benue","100","7.5725","8.5968",NULL,NULL
"147","Agatu","Benue","102","7.8412","7.9157",NULL,NULL
"148","Aila","Benue","102","7.8705","8.007",NULL,NULL
"149","Ogbadibo","Benue","104","6.9876","7.6548",NULL,NULL
"150","Otukpa","Benue","104","7.1382","7.6697",NULL,NULL
"151","Apa ","Benue","105","6.7072","7.8939",NULL,NULL
"152","Apa","Benue","105","6.7072","7.8939",NULL,NULL
"153","Ikobi","Benue","105","7.7507","8.0002",NULL,NULL
"154","Ado","Benue","106","7.7962","7.7641",NULL,NULL
"155","Ado ","Benue","106","7.7962","7.7641",NULL,NULL
"156","Ohimini","Benue","107","7.2396","7.9157",NULL,NULL
"157","Oju","Benue","108","6.8398","8.415",NULL,NULL
"158","Okpokwu","Benue","109","7.0701","7.8286",NULL,NULL
"159","Otukpo","Benue","110","7.1982","8.1393",NULL,NULL
"160","Katsina Ala","Benue","112","7.1658","9.2841",NULL,NULL
"161","Konshisha","Benue","113","7.0997","8.5721",NULL,NULL
"162","Tarka","Benue","114","7.6299","8.8142",NULL,NULL
"163","Kwande","Benue","115","6.9126","9.4562",NULL,NULL
"164","Ukum","Benue","116","7.5909","9.6341",NULL,NULL
"165","Logo","Benue","117","7.5987","9.2786",NULL,NULL
"166","Ugba","Benue","117","7.5061","9.3507",NULL,NULL
"167","Ushongo","Benue","118","6.947","9.255",NULL,NULL
"168","Vandeikya","Benue","119","6.7835","9.0695",NULL,NULL
"169","Makurdi","Benue","120","7.7322","8.5391",NULL,NULL
"170","Wadata","Benue","120","7.743","8.5038",NULL,NULL
"171","Gboko","Benue","121","7.3368","9.0018",NULL,NULL
"172","Gboko ","Benue","121","7.3368","9.0018",NULL,NULL
"173","Abadam","Borno","122","13.6182","13.2649",NULL,NULL
"174","Gudumbali","Borno","123","12.9461","13.1878",NULL,NULL
"175","Ngala","Borno","124","12.3402","14.18635367",NULL,NULL
"176","Nganzai","Borno","125","12.4858","13.20541612",NULL,NULL
"177","Gwoza","Borno","126","11.0897","13.6884",NULL,NULL
"179","Askira/Uba","Borno","128","10.6563","13.1279",NULL,NULL
"180","Bama","Borno","129","11.5218","13.6864",NULL,NULL
"181","Ladantar","Borno","129","11.8846","13.152",NULL,NULL
"182","Bama ","Borno","129","11.5218","13.6864",NULL,NULL
"183","Banki","Borno","129","11.25257","14.151615",NULL,NULL
"184","Biu","Borno","131","10.6117","12.1919",NULL,NULL
"185","Jere","Borno","132","11.8948","13.2202",NULL,NULL
"186","Muna Dalti","Borno","132","11.9167","13.13228866",NULL,NULL
"187","Chibok","Borno","133","10.8692","12.8476",NULL,NULL
"188","Kaga","Borno","134","11.5246","12.5298",NULL,NULL
"189","Ngamdu","Borno","134","11.7652","12.2605",NULL,NULL
"190","Damboa","Borno","135","11.1561","12.7566",NULL,NULL
"191","Danboa","Borno","135","11.155248","12.757076",NULL,NULL
"192","Kala","Borno","136","12.0818","14.468",NULL,NULL
"193","Rann","Borno","136","12.26856415","14.46360824",NULL,NULL
"194","Dikwa","Borno","137","12.042","13.9173",NULL,NULL
"195","Shani","Borno","138","10.2227","12.0518",NULL,NULL
"196","Konduga","Borno","139","11.6549","13.4197",NULL,NULL
"197","Dalori","Borno","139","11.8829","14.1644",NULL,NULL
"198","Kumala","Borno","139","11.489","12.9655",NULL,NULL
"199","Kukawa","Borno","140","12.923","13.5639",NULL,NULL
"200","Baga","Borno","140","13.118475","13.862569",NULL,NULL
"201","Mafa","Borno","142","11.924","13.5987",NULL,NULL
"202","Koshebe","Borno","142","11.9903","13.3241",NULL,NULL
"203","Mafa ","Borno","142","11.924","13.5987",NULL,NULL
"204","Ngwom","Borno","142","11.88438949","13.34537854",NULL,NULL
"205","Magumeri ","Borno","143","12.1151","12.8256",NULL,NULL
"206","Magumeri","Borno","143","12.1151","12.8256",NULL,NULL
"207","Maiduguri","Borno","144","11.8311","11.8311",NULL,NULL
"208","Marte","Borno","145","12.3641","13.14997754",NULL,NULL
"209","Mobbar","Borno","146","13.1002","12.509954",NULL,NULL
"210","Damasak","Borno","146","13.0996","12.5113",NULL,NULL
"211","Monguno","Borno","147","12.6726","13.61551986",NULL,NULL
"212","Gubio","Borno","148","12.4955","12.7796",NULL,NULL
"213","Abi","Cross River","149","5.8702","8.5988",NULL,NULL
"214","Akamkpa","Cross River","150","5.319","8.3499",NULL,NULL
"215","Obanliku","Cross River","151","6.5344","9.3229",NULL,NULL
"216","Akpabuyo","Cross River","152","4.8808","8.5282",NULL,NULL
"217","Obubra","Cross River","153","6.082","8.3278",NULL,NULL
"218","Obubra ","Cross River","153","6.082","8.3278",NULL,NULL
"219","Obudu","Cross River","154","6.6694","9.1622",NULL,NULL
"220","Odukpani","Cross River","155","5.0812","8.3499",NULL,NULL
"221","Adiabo","Cross River","155","5.0706","8.2463",NULL,NULL
"222","Ogoja","Cross River","156","6.6548","8.7977",NULL,NULL
"223","Ikom","Cross River","157","5.9617","8.7206",NULL,NULL
"224","Bakassi","Cross River","158","4.6135","8.5941",NULL,NULL
"225","Bekwara","Cross River","158","6.69","8.9025",NULL,NULL
"226","Bekwarra","Cross River","159","6.69","8.9025",NULL,NULL
"227","Biase","Cross River","160","5.5483","8.0902",NULL,NULL
"228","Baise","Cross River","160","5.5483","8.0902",NULL,NULL
"229","Biase ","Cross River","160","5.5483","8.0902",NULL,NULL
"230","Boki","Cross River","161","6.2467","8.9245",NULL,NULL
"231","Ebbaken ","Cross River","161","4.9757","8.3417",NULL,NULL
"232","Boki ","Cross River","161","6.2467","8.9245",NULL,NULL
"233","Ikot ansa","Cross River","162","5.013","8.3431",NULL,NULL
"234","Calabar South","Cross River","163","4.8627","8.3307",NULL,NULL
"235","Etung","Cross River","164","5.8717","8.7922",NULL,NULL
"236","Yakurr","Cross River","165","5.7973","8.1776",NULL,NULL
"237","Yakkur","Cross River","165","5.7973","8.1776",NULL,NULL
"238","Yala","Cross River","166","6.6316","8.6161",NULL,NULL
"239","Okuku","Cross River","166","6.7082","8.7757",NULL,NULL
"240","Yache","Cross River","166","6.8091","8.7591",NULL,NULL
"241","Abakaliki","Ebonyi","167","6.3231","8.112",NULL,NULL
"242","Afikpo North","Ebonyi","168","5.9054","7.9375",NULL,NULL
"243","Afikpo","Ebonyi","168","5.8911","7.9307",NULL,NULL
"244","Afikpo South","Ebonyi","169","5.8654","7.8069",NULL,NULL
"245","Ohaozara","Ebonyi","170","5.9917","7.7634",NULL,NULL
"246","Isieke","Ebonyi","170","6.3819","8.0374",NULL,NULL
"247","Ohaukwu","Ebonyi","171","6.4725","8.0029",NULL,NULL
"248","Effium","Ebonyi","171","6.633","8.0602",NULL,NULL
"249","Ezzamgbo","Ebonyi","171","6.3994","7.9484",NULL,NULL
"250","Ikwo","Ebonyi","172","6.0659","8.0953",NULL,NULL
"251","Onicha","Ebonyi","173","6.1098","7.8385",NULL,NULL
"252","Ishielu","Ebonyi","174","6.3907","7.8286",NULL,NULL
"253","Ivo","Ebonyi","175","5.9097","7.6331",NULL,NULL
"254","Ishiagu","Ebonyi","175","5.9552","7.5599",NULL,NULL
"255","Izzi ","Ebonyi","176","6.5792","8.0475",NULL,NULL
"256","Izzi","Ebonyi","176","6.5792","8.0475",NULL,NULL
"257","Issi","Ebonyi","176","6.4845","8.2947",NULL,NULL
"258","Ishieke","Ebonyi","177","6.385","8.0274",NULL,NULL
"259","Ezza North","Ebonyi","178","6.2829","7.9811",NULL,NULL
"260","Ezza South","Ebonyi","179","6.1166","8.0247",NULL,NULL
"261","Akoko-Edo","Edo","180","7.3533","6.1103",NULL,NULL
"262","Akoko-Edo ","Edo","180","7.3533","6.1103",NULL,NULL
"263","Igarra","Edo","180","7.2755","6.1076",NULL,NULL
"264","Igueben","Edo","181","6.5888","6.2389",NULL,NULL
"265","Orhionmwon","Edo","182","6.1194","5.9833",NULL,NULL
"266","Ikpoba-Okha","Edo","183","6.1649","5.6879",NULL,NULL
"267","Oredo","Edo","184","6.2298","5.5407",NULL,NULL
"268","Benin","Edo","184","6.335","5.650693",NULL,NULL
"269","Ugbowo","Edo","184","6.3931","5.6195",NULL,NULL
"270","Benin City","Edo","184","6.335","5.6037",NULL,NULL
"271","Ovia North-East","Edo","185","6.5047","5.6037",NULL,NULL
"272","Ovia North","Edo","185","6.5047","5.6037",NULL,NULL
"273","Okada","Edo","185","6.7331","5.3913",NULL,NULL
"274","Ovia South-West","Edo","186","6.4653","5.3103",NULL,NULL
"275","Okomu","Edo","186","6.2538","5.2684",NULL,NULL
"276","Owan-West","Edo","187","6.9279","5.8565",NULL,NULL
"277","Owan East ","Edo","187","7.0969","6.0256",NULL,NULL
"278","Owan East","Edo","187","7.0969","6.0256",NULL,NULL
"279","Afuze","Edo","188","6.941","5.9846",NULL,NULL
"280","Egor","Edo","189","6.3671","5.5722",NULL,NULL
"281","Esan North-East","Edo","191","6.7297","6.3439",NULL,NULL
"282","Esan North","Edo","191","6.7297","6.3439",NULL,NULL
"283","Esan South-East","Edo","192","6.6214","6.493",NULL,NULL
"284","Esan South ","Edo","192","6.6214","6.493",NULL,NULL
"285","Ekpoma","Edo","193","6.743","6.1421",NULL,NULL
"286","Esan-West","Edo","193","6.6899","6.1315",NULL,NULL
"287","Uhunmwonde","Edo","194","6.4579","5.9833",NULL,NULL
"288","Ahor","Edo","194","6.4172","5.7181",NULL,NULL
"289","Etsako Central","Edo","195","7.0057","6.4503",NULL,NULL
"290","Ugbegun","Edo","195","6.6475","6.2372",NULL,NULL
"291","Ugbekpe","Edo","195","7.0258","6.4463",NULL,NULL
"292","Etsako East","Edo","196","7.2627","6.4503",NULL,NULL
"293","Okpella","Edo","196","7.2721","6.3465",NULL,NULL
"294","Esan West","Edo","197","6.6899","6.1315",NULL,NULL
"295","Etsako West","Edo","197","7.008","6.2801",NULL,NULL
"296","Auchi","Edo","197","7.0669","6.2748",NULL,NULL
"297","Jattu","Edo","197","7.0958","6.3093",NULL,NULL
"298","Ado-Ekiti","Ekiti","198","7.6124","5.2371",NULL,NULL
"299","Ifaki","Ekiti","199","7.78","5.2423",NULL,NULL
"300","Ido-Osi ","Ekiti","199","7.8618","5.2058",NULL,NULL
"301","Ido-Osi","Ekiti","199","7.8618","5.2058",NULL,NULL
"302","Ijero","Ekiti","200","7.812","5.0677",NULL,NULL
"303","Ijero ","Ekiti","200","7.812","5.0677",NULL,NULL
"304","Ikere","Ekiti","201","7.4991","5.2319",NULL,NULL
"305","Ikole","Ekiti","202","7.7983","5.5145",NULL,NULL
"306","Oke Ako","Ekiti","202","7.9557","5.5466",NULL,NULL
"307","Ilejemeje","Ekiti","203","7.9591","5.2371",NULL,NULL
"308","Irepodun/Ifelodun","Ekiti","204","7.7313","5.2476",NULL,NULL
"309","Ise-Ekiti","Ekiti","205","7.4645","5.4201",NULL,NULL
"310","Ise-Orun","Ekiti","205","7.4269","5.4149",NULL,NULL
"311","Ise","Ekiti","205","7.4645","5.4201",NULL,NULL
"312","Oye","Ekiti","206","7.7979","5.3286",NULL,NULL
"313","Ilupeju","Ekiti","206","7.8003","5.3573",NULL,NULL
"314","Efon","Ekiti","207","7.6919","4.9143",NULL,NULL
"315","Ekiti South-West","Ekiti","209","7.5176","5.0391",NULL,NULL
"316","Ilawe Ekiti","Ekiti","209","7.5951","5.1041",NULL,NULL
"317","Ekiti West","Ekiti","210","7.6905","5.0391",NULL,NULL
"318","Emure","Ekiti","211","7.4317","5.4621",NULL,NULL
"319","Gbonyin","Ekiti","212","7.5984","5.4988",NULL,NULL
"320","Ode Ekiti","Ekiti","212","7.65","5.55",NULL,NULL
"321","Moba","Ekiti","213","7.9931","5.1224",NULL,NULL
"322","Abaji","Federal Capital Territory","214","8.4747","6.9451",NULL,NULL
"323","ABUJA Municipal","Federal Capital Territory","215","9.0618","7.4221",NULL,NULL
"324","FCT Municipal","Federal Capital Territory","215","8.8941","7.186",NULL,NULL
"325","Deidei Junction","Federal Capital Territory","215","9.1142","7.2604",NULL,NULL
"326","Dawaki","Federal Capital Territory","215","9.133","7.3881",NULL,NULL
"327","Lugbe","Federal Capital Territory","215","8.9641","7.3814",NULL,NULL
"328","Nyanya","Federal Capital Territory","215","9.0561","7.5789",NULL,NULL
"329","Jabi","Federal Capital Territory","215","9.0641","7.4229",NULL,NULL
"330","Gwagwalada","Federal Capital Territory","216","8.9508","7.0767",NULL,NULL
"331","Gwarimpe area","Federal Capital Territory","216","9.1099","7.4042",NULL,NULL
"332","Giri Junction","Federal Capital Territory","216","9.008","7.1548",NULL,NULL
"333","Logokoma","Federal Capital Territory","216","8.9786","7.4582",NULL,NULL
"334","Gwombe-Gwargwada road Kabiru Sani","Federal Capital Territory","216","8.5281","7.1575",NULL,NULL
"335","giri","Federal Capital Territory","216","9.1194","7.4396",NULL,NULL
"336","Gwagwalada area","Federal Capital Territory","216","8.9548","7.0832",NULL,NULL
"337","Kubwa","Federal Capital Territory","217","9.1538","7.322",NULL,NULL
"338","Bwari","Federal Capital Territory","217","9.2856","7.3787",NULL,NULL
"339","Dogon Ruwa","Federal Capital Territory","217","8.8941","7.186",NULL,NULL
"340","Kwaita ","Federal Capital Territory","218","8.6647","6.9645",NULL,NULL
"341","Kuje","Federal Capital Territory","218","8.8821","7.2275",NULL,NULL
"342","Atako Village","Federal Capital Territory","218","8.4667","7.0167",NULL,NULL
"343","keju","Federal Capital Territory","218","8.8941","7.186",NULL,NULL
"344","Kwali","Federal Capital Territory","219","8.8403","7.0539",NULL,NULL
"345","Panda","Gombe","221","9.9866","11.4462",NULL,NULL
"346","Balanga","Gombe","222","9.8329","11.6613",NULL,NULL
"347","Kulani","Gombe","222","9.7891","11.6392",NULL,NULL
"348","Billiri","Gombe","223","9.8662","11.2194",NULL,NULL
"349","Kaltungo","Gombe","224","9.8201","11.3119",NULL,NULL
"350","Dukku","Gombe","225","10.823","10.7733",NULL,NULL
"351","Shomgom","Gombe","226","9.6698","11.2977",NULL,NULL
"352","Funakaye","Gombe","228","10.7252","11.3885",NULL,NULL
"353","Bajoga","Gombe","228","10.8514","11.4282",NULL,NULL
"354","Yamaltu/Deba","Gombe","229","10.2794","11.4793",NULL,NULL
"355","Deba","Gombe","229","10.2134","11.3866",NULL,NULL
"356","Gombe","Gombe","230","10.2791","11.1731",NULL,NULL
"357","Aboh Mbaise","Imo","231","5.4238","7.2545",NULL,NULL
"358","Eke Ututu","Imo","231","5.8475","6.9773",NULL,NULL
"359","Eke Ututu ","Imo","231","5.8475","6.9773",NULL,NULL
"360","Aboh-Mbaise","Imo","231","5.4501","7.2334",NULL,NULL
"361","Ngor-Okpala","Imo","232","5.3109","7.1359",NULL,NULL
"362","Njaba","Imo","233","5.6981","6.9961",NULL,NULL
"363","Atta","Imo","233","5.6142","7.1265",NULL,NULL
"364","Umuaka and Oba communities","Imo","233","5.6478","6.9887",NULL,NULL
"365","Umuoke Atta","Imo","233","5.5619","7.405",NULL,NULL
"366","Ahiazu","Imo","234","5.5385","7.2437",NULL,NULL
"367","Nkwerre","Imo","235","5.7648","7.0983",NULL,NULL
"368","Nwangele","Imo","236","5.7174","7.1252",NULL,NULL
"369","Arondizuogu community","Imo","237","5.8897","7.1629",NULL,NULL
"370","Ideato North","Imo","237","5.8849","7.1252",NULL,NULL
"371","Akokwa ","Imo","237","5.9114","7.109",NULL,NULL
"372","Ideato South","Imo","238","5.8011","7.1252",NULL,NULL
"373","Obowo","Imo","239","5.6027","7.322",NULL,NULL
"374","Ihitte-Uboma","Imo","240","5.6154","7.3463",NULL,NULL
"375","Ihitte/Uboma","Imo","240","5.6154","7.3463",NULL,NULL
"376","Oguta","Imo","241","5.7213","6.8281",NULL,NULL
"377","Izombe","imo","241","5.6344","6.8592",NULL,NULL
"378","Ohaji-Egbema","Imo","242","5.3138","6.878",NULL,NULL
"379","Orieagu ","Imo","242","5.6348","7.3194",NULL,NULL
"380","Orji ","Imo","242","5.5276","7.0633",NULL,NULL
"381","Ohaji/Egbema","Imo","242","5.3138","6.878",NULL,NULL
"382","Ikeduru","Imo","243","5.5812","7.1575",NULL,NULL
"383","Okigwe","Imo","244","5.831","7.3942",NULL,NULL
"384","Oru","Imo","245","5.6794","6.8029",NULL,NULL
"385","Orlu","Imo","245","5.8358","7.0196",NULL,NULL
"386","Orsu","imo","246","5.8449","6.9746",NULL,NULL
"387","Oru East","Imo","247","5.6673","6.9424",NULL,NULL
"388","Omuma","imo","247","5.7515","6.9551",NULL,NULL
"389","Awomama","Imo","247","5.691","6.9343",NULL,NULL
"390","Isiala Mbano","Imo","248","5.7084","7.1783",NULL,NULL
"391","Anara Market","Imo","248","5.7025","7.1669",NULL,NULL
"392","Oru West","Imo","249","5.7409","6.9102",NULL,NULL
"393","Oru west ","Imo","249","5.7409","6.9102",NULL,NULL
"394","Isu","Imo","250","5.6973","7.0606",NULL,NULL
"395","Owerri North","Imo","252","5.4567","7.1144",NULL,NULL
"396","Owerri West","Imo","253","5.4166","6.9853",NULL,NULL
"397","Nekede","Imo","253","5.4207","7.0767",NULL,NULL
"398","Ehime-Mbano","Imo","254","5.6655","7.3058",NULL,NULL
"399","Ezinhitte","Imo","255","5.4854","7.3193",NULL,NULL
"400","Ezinihitte","Imo","255","5.4854","7.3193",NULL,NULL
"401","Unuimo","Imo","256","5.7788","7.2329",NULL,NULL
"402","Mbaitoli","Imo","257","5.5828","7.0283",NULL,NULL
"403","Ogbaku","Imo","257","5.5569","6.9511",NULL,NULL
"404","Mbieri","Imo","257","5.5916","7.0512",NULL,NULL
"405","Mbatoli","Imo","257","5.5828","7.0283",NULL,NULL
"406","Nasarawa  ","Kano","258","11.9971","8.5831",NULL,NULL
"407","Gwale","Kano","259","11.9849","8.5199",NULL,NULL
"408","Gwarzo","Kano","260","11.9171","7.9348",NULL,NULL
"409","Bagwai","Kano","263","12.1564","8.1352",NULL,NULL
"410","Bebeji","Kano","264","11.6648","8.2623",NULL,NULL
"411","Bichi","Kano","265","12.2313","8.2404",NULL,NULL
"412","Bunkure","Kano","266","11.6961","8.5419",NULL,NULL
"413","Kabo","Kano","267","11.8841","8.1994",NULL,NULL
"414","Rano","Kano","268","11.561","8.5817",NULL,NULL
"415","Dala","Kano","269","12.0053","8.5007",NULL,NULL
"416","Kwanar Dala","Kano","269","12.0052","8.5104",NULL,NULL
"417","Dambatta","Kano","271","12.4329","8.5144",NULL,NULL
"418","Rimin Gado","Kano","271","11.9673","8.2472",NULL,NULL
"419","Rogo","Kano","272","11.5501","7.8232",NULL,NULL
"420","Dawakin Kudu","Kano","273","11.8414","8.5913",NULL,NULL
"421","Dawakin Tofa","Kano","274","12.1493","8.4184",NULL,NULL
"422","GSM market","Kano","275","12.0473","8.4805",NULL,NULL
"423","Sharada","Kano","275","11.9739","8.5089",NULL,NULL
"424","Karaye","Kano","276","11.7849","8.0111",NULL,NULL
"425","Doguwa","Kano","277","10.8125","8.7041",NULL,NULL
"426","Kibiya","Kano","279","11.5292","8.6573",NULL,NULL
"427","Kiru","Kano","280","11.7022","8.1366",NULL,NULL
"428","Sumaila","Kano","281","11.5314","8.9549",NULL,NULL
"429","Takai","Kano","282","11.5716","9.1096",NULL,NULL
"430","Kumbotso","Kano","283","11.9176","8.5941",NULL,NULL
"431","Gurun Gawa","Kano","283","11.9285","8.5144",NULL,NULL
"432","Tarauni","Kano","284","11.9768","8.5542",NULL,NULL
"433","Kabuga","Kano","284","11.9946","8.4788",NULL,NULL
"434","Hotoro","Kano","284","11.9716","8.5858",NULL,NULL
"435","Kura","Kano","286","11.7701","8.4239",NULL,NULL
"436","Tofa","Kano","287","12.0585","8.2724",NULL,NULL
"437","Tsanyawa","Kano","288","12.2955","7.9893",NULL,NULL
"438","Tudun Wada","Kano","289","11.2497","8.4047",NULL,NULL
"439","Madobi","Kano","290","11.7748","8.2868",NULL,NULL
"440","Ungogo","Kano","291","12.0916","8.4963",NULL,NULL
"441","Fagge","Kano","292","11.7471","8.5247",NULL,NULL
"442","Gabasawa","Kano","294","12.1806","8.9121",NULL,NULL
"443","Warawa","Kano","295","11.8889","8.7922",NULL,NULL
"444","Garko","Kano","296","11.6486","8.806",NULL,NULL
"445","Garum Mallam","Kano","297","11.6842","8.3718",NULL,NULL
"446","Wudil","Kano","298","11.7942","8.839",NULL,NULL
"447","Gaya","Kano","299","11.8626","8.9991",NULL,NULL
"448","Gezawa","Kano","300","12.0993","8.7536",NULL,NULL
"449","Minjibir","Kano","301","12.1924","8.6284",NULL,NULL
"450","Adavi","Kogi","302","7.672","6.429",NULL,NULL
"451","Ajaokuta","Kogi","303","7.5584","6.6344",NULL,NULL
"452","Ibaji","Kogi","304","6.7965","6.744929834",NULL,NULL
"453","Idah","Kogi","305","7.1138","6.744",NULL,NULL
"454","Igalamela-Odolu","Kogi","307","7.0988","6.875123738",NULL,NULL
"455","Odolu","Kogi","307","6.9753","7.1669",NULL,NULL
"456","Ankpa","Kogi","308","7.4053","7.6223",NULL,NULL
"457","Anpka","Kogi","308","7.4053","7.6223",NULL,NULL
"458","Magongo","Kogi","309","7.4812","6.1534",NULL,NULL
"459","Ijumu","Kogi","310","7.8737","5.941",NULL,NULL
"460","Okehi","Kogi","311","7.7164","6.3439",NULL,NULL
"461","Itakpe","Kogi","311","7.6384","6.335",NULL,NULL
"462","Okene","Kogi","312","7.5614","6.2429",NULL,NULL
"463","Olamaboro","Kogi","313","7.1599","7.5681",NULL,NULL
"464","Okpo","Kogi","313","7.2162","7.5599",NULL,NULL
"465","Omala","Kogi","314","7.8052","7.5247",NULL,NULL
"466","Kabba/Bunu","Kogi","316","8.2175","6.1951",NULL,NULL
"467","Bunu","Kogi","316","7.9679","6.441",NULL,NULL
"468","Kabba","Kogi","316","7.8231","6.0732",NULL,NULL
"469","Dekina","Kogi","317","7.692","7.0472",NULL,NULL
"470","Ochadamu","Kogi","317","7.3614","7.0283",NULL,NULL
"471","Anyigba","Kogi","317","7.4934","7.1736",NULL,NULL
"472","Koton karfe","Kogi","318","8.1046","6.7976",NULL,NULL
"473","Lokoja","Kogi","319","7.8023","6.7333",NULL,NULL
"474","Yagba East","Kogi","320","8.1378","5.6879",NULL,NULL
"475","Yagba West","Kogi","321","8.3145","5.5197",NULL,NULL
"476","Mopa-Muro","Kogi","322","8.1355","5.8565",NULL,NULL
"477","Mushin","Lagos","323","6.5352","3.349",NULL,NULL
"478","Idi Araba","Lagos","323","6.5153","3.3477",NULL,NULL
"479","Ikoyi","Lagos","324","6.45","3.4333",NULL,NULL
"480","Agege","Lagos","324","6.618","3.3209",NULL,NULL
"481","Ajeromi-Ifelodun","Lagos","325","6.4555","3.3339",NULL,NULL
"482","Amukoko","Lagos","325","6.4701","3.3427",NULL,NULL
"483","Ajegunle","Lagos","325","6.4541","3.3351",NULL,NULL
"484","Ibeju-Lekki","Lagos","326","6.4569","3.8859",NULL,NULL
"485","Ibeju Lekki","Lagos","326","6.4569","3.8859",NULL,NULL
"486","Alimosho","Lagos","327","6.5744","3.257",NULL,NULL
"487","Ikotun","Lagos","327","6.5631","3.2506",NULL,NULL
"488","Alakuko","Lagos","327","6.6811","3.2646",NULL,NULL
"489","Abule Egba ","Lagos","327","6.6484","3.2992",NULL,NULL
"490","Ipaja","Lagos","327","6.6131","3.2659",NULL,NULL
"491","Ifako-Ijaiye","Lagos","328","6.685","3.2885",NULL,NULL
"492","Abule Egba","Lagos","328","6.6484","3.2992",NULL,NULL
"493","Ijaiye","Lagos","328","6.6233","3.3313",NULL,NULL
"494","Amuwo Odofin","Lagos","329","6.4293","3.2684",NULL,NULL
"495","Festac","Lagos","329","6.4703","3.2818",NULL,NULL
"496","Satellite Town","Lagos","329","6.4454","3.2433",NULL,NULL
"497","Mile 2","Lagos","329","6.4624","3.3159",NULL,NULL
"498","Apapa","Lagos","330","6.4553","3.3641",NULL,NULL
"499","Ijora","Lagos","330","6.474","3.3565",NULL,NULL
"500","Tincan Port","Lagos","330","6.4343","3.3562",NULL,NULL
"501","Ojo","Lagos","331","6.4579","3.158",NULL,NULL
"502","Alaba","Lagos","331","6.4582","3.3263",NULL,NULL
"503","Okokomaiko","Lagos","331","6.475","3.1905",NULL,NULL
"504","Iyana Iba","Lagos","331","6.4874","3.1992",NULL,NULL
"505","Iba","Lagos","331","6.499","3.193",NULL,NULL
"506","Odo-Eran","Lagos","331","6.5073","3.3251",NULL,NULL
"507","Ijanikin","Lagos","331","6.4886","3.1428",NULL,NULL
"508","Ojodu Berger","Lagos","332","6.647","3.3742",NULL,NULL
"509","Ikeja","Lagos","332","6.6018","3.3515",NULL,NULL
"510","Opebi","Lagos","332","6.5894","3.3614",NULL,NULL
"511","Ogba","Lagos","332","6.6252","3.3441",NULL,NULL
"512","Iyana-Ipaja","Lagos","327","6.6195","3.2999",NULL,NULL
"513","Maryland","Lagos","332","6.5764","3.3653",NULL,NULL
"514","Ikorodu","Lagos","333","6.6194","3.5105",NULL,NULL
"515","Badagry","Lagos","334","6.4183","2.8901",NULL,NULL
"516","Morogbo","Lagos","334","6.4956","3.0914",NULL,NULL
"517","Oshodi-Isolo","Lagos","335","6.5355","3.3087",NULL,NULL
"518","Okota","Lagos","335","6.5084","3.3137",NULL,NULL
"519","Isolo","Lagos","335","6.5355","3.3087",NULL,NULL
"520","Mafoluku","Lagos","335","6.5553","3.3326",NULL,NULL
"521","Alakija","Lagos","335","6.4579","3.2716",NULL,NULL
"522","Shomolu","Lagos","336","6.5392","3.3842",NULL,NULL
"523","Bariga","Lagos","336","6.5391","3.3849",NULL,NULL
"524","Akoka","Lagos","336","6.5261","3.3921",NULL,NULL
"525","Yewa South","Ogun","336","7.1702","2.8577",NULL,NULL
"526","Surulere","Lagos","337","6.4983","3.3486",NULL,NULL
"527","Ojuelegba","Lagos","337","6.5111","3.3666",NULL,NULL
"528","Orile Iganmu","Lagos","337","6.4087","3.3402",NULL,NULL
"529","Oworonshoki","Lagos","338","6.5536","3.4006",NULL,NULL
"530","Kosofe","Lagos","338","6.6201","3.4095",NULL,NULL
"531","Ketu","Lagos","338","6.5973","3.3904",NULL,NULL
"532","Mile 12","Lagos","338","6.6015","3.3969",NULL,NULL
"533","Gbagada","Lagos","338","6.5584","3.3915",NULL,NULL
"534","Isheri","Lagos","338","6.6351","3.3603",NULL,NULL
"535","Ojota","Lagos","338","6.5749","3.3918",NULL,NULL
"536","Ogudu","Lagos","338","6.5749","3.3918",NULL,NULL
"537","Magodo","Lagos","338","6.6177","3.3727",NULL,NULL
"538","Epe","Lagos","339","6.5867","3.97",NULL,NULL
"539","Lagos Island","Lagos","340","6.4549","3.4246",NULL,NULL
"540","Marina","Lagos","340","6.4446","3.3641",NULL,NULL
"541","Odan","Lagos","340","6.4475","3.3971",NULL,NULL
"542","Ebute Ero","Lagos","340","6.4616","3.3851",NULL,NULL
"543","Lagos Mainland","Lagos","341","6.5059","3.3781",NULL,NULL
"544","Oko-Baba","Lagos","341","6.4897","3.3918",NULL,NULL
"545","Jibowu","Lagos","341","6.5178","3.3679",NULL,NULL
"546","Yaba","Lagos","341","6.5095","3.3711",NULL,NULL
"547","Makoko","Lagos","341","6.499","3.388",NULL,NULL
"548","Ebute Metta","Lagos","341","6.4817","3.3769",NULL,NULL
"549","Costain","Lagos","341","6.5734","3.3475",NULL,NULL
"550","Eti Osa","Lagos","342","6.459","3.6015",NULL,NULL
"551","Lekki","Lagos","342","6.4698","3.5852",NULL,NULL
"552","Ajah","Lagos","342","6.4646","3.5725",NULL,NULL
"553","Munya","Niger","343","9.8098","7.0173",NULL,NULL
"554","Gurara","Niger","344","9.3418","7.0498",NULL,NULL
"555","Kasabu","Niger","344","10.8606","4.7168",NULL,NULL
"556","Agaie","Niger","345","9.0085","6.3173",NULL,NULL
"557","Bida","Niger","347","9.0797","6.0097",NULL,NULL
"558","Borgu","Niger","348","10.3232","4.1514",NULL,NULL
"559","Bosso","Niger","349","9.6522","6.5261",NULL,NULL
"560","Paikoro","Niger","350","9.4351","6.7922",NULL,NULL
"561","Chanchaga","Niger","351","9.6278","6.5463",NULL,NULL
"562","Kagara","Niger","351","10.1877","6.2549",NULL,NULL
"563","Rafi","Niger","352","10.113","6.1527",NULL,NULL
"564","Rijau","Niger","353","11.0991","5.2528",NULL,NULL
"565","Katcha","Niger","354","8.7602","6.3133",NULL,NULL
"566","Shiroro","Niger","355","9.9822","6.8093",NULL,NULL
"567","Edati","Niger","356","9.0362","5.6248",NULL,NULL
"568","Suleja","Niger","357","9.1701","7.1861",NULL,NULL
"569","Tafa","Niger","358","9.2448","7.2882",NULL,NULL
"570","Kontagora","Niger","359","10.4071","5.4699",NULL,NULL
"571","Lapai","Niger","360","9.0493","6.5797",NULL,NULL
"572","Wuya","Niger","361","9.1598","5.8349",NULL,NULL
"573","Lavun","Niger","361","9.1979","5.8136",NULL,NULL
"574","Magama ","Niger","362","10.3116","4.9767",NULL,NULL
"575","Mariga","Niger","363","10.1349","6.0229",NULL,NULL
"576","Mashegu","Niger","364","9.9492","5.3103",NULL,NULL
"577","Wushishi","Niger","365","9.7221","6.1113",NULL,NULL
"578","Gbako","Niger","366","9.2723","6.0256",NULL,NULL
"579","Mokwa","Niger","367","9.2928","5.0547",NULL,NULL
"580","Kobape","Ogun","368","6.998","3.4737",NULL,NULL
"581","Abeokuta North","Ogun","368","7.2114","3.1378",NULL,NULL
"582","Abeokuta North ","Ogun","368","7.2114","3.1378",NULL,NULL
"583","Isaga","Ogun","368","7.105","3.1692",NULL,NULL
"584","Iyana Mortuary","Ogun","369","7.1475","3.3618",NULL,NULL
"585","Abeokuta South","Ogun","369","7.1561","3.349",NULL,NULL
"586","Ota","Ogun","370","6.6927","3.2365",NULL,NULL
"587","Ado-Odo/Ota","Ogun","370","6.6117","3.0576",NULL,NULL
"588","Sango-ota","Ogun","370","6.6927","3.2365",NULL,NULL
"589","Iju","Ogun","370","6.6726","3.1353",NULL,NULL
"590","Shimawa","Ogun","370","6.7668","3.4855",NULL,NULL
"591","Agbara","Ogun","370","6.5114","3.1115",NULL,NULL
"592","Olaogun","Ogun","370","6.7135","3.2954",NULL,NULL
"593","Itele-ota","Ogun","370","6.6927","3.2365",NULL,NULL
"594","Ijoko","Ogun","370","6.7276","3.3087",NULL,NULL
"595","Sango","Ogun","370","6.6927","3.2365",NULL,NULL
"596","Obafemi-Owode","Ogun","371","6.9483","3.5079",NULL,NULL
"597","Fidiwo","Ogun","371","7.07","3.6817",NULL,NULL
"598","Mowe","Ogun","371","6.8085","3.4367",NULL,NULL
"599","Magboro","Ogun","371","6.7189","3.4019",NULL,NULL
"600","Ibafo","Ogun","371","6.7401","3.4221",NULL,NULL
"601","Warewa","Ogun","371","6.6891","3.4172",NULL,NULL
"602","Owode","Ogun","371","6.9483","3.5079",NULL,NULL
"603","Owode ","Ogun","371","6.9483","3.5079",NULL,NULL
"604","Odeda","Ogun","372","7.2328","3.5281",NULL,NULL
"605","Afon","Ogun","372","7.4305","2.9332",NULL,NULL
"606","Odogbolu","Ogun","373","6.8365","3.7689",NULL,NULL
"607","Ifo","Ogun","374","6.8192","3.193",NULL,NULL
"608","Agbado","Ogun","374","6.6876","3.3011",NULL,NULL
"609","Ajuwon","Ogun","374","6.6844","3.3691",NULL,NULL
"610","Osofem oil and gas company","Ogun","374","6.998","3.4737",NULL,NULL
"611","Ijebu East","Ogun","375","6.8159","4.3154",NULL,NULL
"612","Iwopin","Ogun","375","6.5137","4.1891",NULL,NULL
"613","Ilese Ijebu","Ogun","375","6.8136","3.9623",NULL,NULL
"614","Ijebu-Igbo","Ogun","376","6.9792","3.998",NULL,NULL
"615","Ago-Iwoye","Ogun","376","6.9424","3.9216",NULL,NULL
"616","Ijebu North","Ogun","376","7.0333","3.947",NULL,NULL
"617","Ogun Waterside","Ogun","377","6.5169","4.3565",NULL,NULL
"618","Ijebu North East","Ogun","378","6.8827","4.0083",NULL,NULL
"619","Ijebu-Ode","Ogun","379","6.83","3.9165",NULL,NULL
"620","Ijebu","Ogun","379","6.83","3.9165",NULL,NULL
"621","Ijebu Ode","Ogun","379","6.8403","3.924691233",NULL,NULL
"622","Ijebu-ode ","Ogun","379","6.83","3.9165",NULL,NULL
"623","Ikenne ","Ogun","380","6.865","3.7143",NULL,NULL
"624","Ikenne","Ogun","380","6.865","3.7143",NULL,NULL
"625","Imeko-Afon","Ogun","381","7.4477","2.838",NULL,NULL
"626","Igode","Ogun","381","6.703","3.58",NULL,NULL
"627","Ipokia","Ogun","382","6.5343","2.8415",NULL,NULL
"628","Isara Remo","Ogun","383","6.998","3.4737",NULL,NULL
"629","Remo North","Ogun","383","7.0137","3.7232",NULL,NULL
"630","Saapade","Ogun","383","6.9868","3.6706",NULL,NULL
"631","Shagamu","Ogun","384","6.8322","3.6319",NULL,NULL
"632","Sagamu","Ogun","384","6.8322","3.6319",NULL,NULL
"633","Ogijo","Ogun","384","6.6994","3.5155",NULL,NULL
"634","Egbado North","Ogun","385","7.1702","2.8577",NULL,NULL
"635","Â Yewa North Local Government Area","Ogun","385","7.1702","2.8577",NULL,NULL
"636","Yewa-North","Ogun","385","7.1702","2.8577",NULL,NULL
"637","Ilara","Ogun","385","7.4167","2.75",NULL,NULL
"638","Egbado South","Ogun","386","6.7832","2.9776",NULL,NULL
"639","Ilaro","Ogun","386","6.8954","3.0126",NULL,NULL
"640","Oja Odan","Ogun","386","6.8974","2.8362",NULL,NULL
"641","Egbado-South","Ogun","386","6.7832","2.9776",NULL,NULL
"642","Ajebo","Ogun","387","7.1193","3.7031",NULL,NULL
"643","Ewekoro","Ogun","387","6.9055","3.2075",NULL,NULL
"644","Owode-Egba","Ogun","387","6.9483","3.5079",NULL,NULL
"645","Afijio","Oyo","388","7.7243","3.8655",NULL,NULL
"646","Abebi","Oyo","388","7.6491","3.959",NULL,NULL
"647","Ibadan North","Oyo","389","7.4102","3.9165",NULL,NULL
"648","Molete","Oyo","389","7.3588","3.89",NULL,NULL
"649","Ibadan North East","Oyo","390","7.3615","3.9317",NULL,NULL
"650","Ibadan North West","Oyo","391","7.3889","3.8757",NULL,NULL
"651","Ibadan South East","Oyo","392","7.3293","3.9114",NULL,NULL
"652","Ibadan South West","Oyo","393","7.3458","3.8757",NULL,NULL
"653","Ibarapa Central","Oyo","394","7.4048","3.2383",NULL,NULL
"654","Ibarapa East","Oyo","395","7.641","3.4599",NULL,NULL
"655","Eruwa","Oyo","395","7.5304","3.417",NULL,NULL
"656","Akinyele","Oyo","396","7.5503","3.947",NULL,NULL
"657","Ibarapa North ","Oyo","397","7.6865","3.178",NULL,NULL
"658","Ibarapa North","Oyo","397","7.6865","3.178",NULL,NULL
"659","Ido","Oyo","398","7.5077","3.7194",NULL,NULL
"660","Opete","Oyo","401","8.0358","4.2231",NULL,NULL
"661","Ajawa","Oyo","401","7.691","3.8451",NULL,NULL
"662","Atiba","Oyo","402","8.2465","3.8655",NULL,NULL
"663","Atisbo","Oyo","403","8.3824","3.3389",NULL,NULL
"664","Olorunsogo","Oyo","404","8.013","3.352887816",NULL,NULL
"665","Oluyole","Oyo","405","7.2059","3.8655",NULL,NULL
"666","Ona Ara","Oyo","406","7.2689","4.0491",NULL,NULL
"667","Ori Ire","Oyo","406","8.3748","4.1514",NULL,NULL
"668","Oremeji/Agugu","Oyo","406","7.3763","3.9381",NULL,NULL
"669","Igboho","Oyo","407","8.8341","3.7587",NULL,NULL
"670","Irepo","Oyo","408","9.0368","3.8655",NULL,NULL
"671","Iseyin","Oyo","410","7.9765","3.5914",NULL,NULL
"672","Araromi","Oyo","410","8.1896","4.2372",NULL,NULL
"673","Okaka","Oyo","411","8.216","3.4637",NULL,NULL
"674","Iwajowa","Oyo","412","8.0355","3.0176",NULL,NULL
"675","Ijio","Oyo","412","7.9391","2.9838",NULL,NULL
"676","Oyo","Oyo","413","8.1574","3.6147",NULL,NULL
"677","Kajola","Oyo","415","8.0902","3.3464",NULL,NULL
"678","Ifelodun","Oyo","417","8.8624","3.4268",NULL,NULL
"679","Egbeda","Oyo","418","7.3796","3.9675",NULL,NULL
"680","Lagelu","Oyo","420","7.4846","4.0491",NULL,NULL
"681","Abua","Rivers","421","4.9564","6.6344",NULL,NULL
"682","Abua/Odual","Rivers","421","4.8207","6.5356",NULL,NULL
"683","Ahoada East","Rivers","422","5.0468","6.6424",NULL,NULL
"684","Ahoada West","Rivers","423","5.0685","6.5356",NULL,NULL
"685","Ahoada West ","Rivers","423","5.0685","6.5356",NULL,NULL
"686","Ogbele","Rivers","423","4.927","6.6514",NULL,NULL
"687","Obio/Akpor","Rivers","424","4.8776","7.0283",NULL,NULL
"688","Obio/Akpor ","Rivers","424","4.8776","7.0283",NULL,NULL
"689","Rumuola","Rivers","424","4.8356","7.0256",NULL,NULL
"690","Akuku-Toru","Rivers","425","4.6138","6.6638",NULL,NULL
"691","Akuku Toru","Rivers","425","4.6138","6.6638",NULL,NULL
"692","Andoni","Rivers","426","4.5044","7.3733",NULL,NULL
"693","Andoni ","Rivers","426","4.5044","7.3733",NULL,NULL
"694","Ogba/Egbema/Ndoni","Rivers","427","5.3998","6.6211",NULL,NULL
"695","Ogo/Bolo","Rivers","428","4.7231","7.1999",NULL,NULL
"696","Asari-Toru","Rivers","429","4.7456","6.8458",NULL,NULL
"697","Buguma","Rivers","429","4.7403","6.8619",NULL,NULL
"698","Asari Toru","Rivers","429","5","6.8458",NULL,NULL
"699","Okrika","Rivers","430","4.7406","7.0848",NULL,NULL
"700","Ikwerre","Rivers","431","5.1478","6.878",NULL,NULL
"701","Isiokpo","Rivers","431","5.0568","6.9236",NULL,NULL
"702","Ikwerre ","Rivers","431","5.1478","6.878",NULL,NULL
"703","Aluu","Rivers","431","4.9339","6.9437",NULL,NULL
"704","Bonny","Rivers","434","4.4295","7.1952",NULL,NULL
"705","Oyigbo","Rivers","435","4.8869","7.1252",NULL,NULL
"706","Port Harcourt","Rivers","436","4.8472","6.9746",NULL,NULL
"707","Port - Harcourt","Rivers","436","4.8472","6.9746",NULL,NULL
"708","Diobu","Rivers","436","4.7986","6.9921",NULL,NULL
"709","Degema","Rivers","437","4.7554","6.7668",NULL,NULL
"710","Khana","Rivers","438","4.6476","7.3949",NULL,NULL
"711","Tai","Rivers","439","4.7518","7.2437",NULL,NULL
"712","Eleme","Rivers","440","4.7939","7.1575",NULL,NULL
"713","Ogale","Rivers","440","4.7864","7.1332",NULL,NULL
"714","Oduoha-Emohua","Rivers","441","4.8851","6.8612",NULL,NULL
"715","Obelle","Rivers","441","5.0101","6.8177",NULL,NULL
"716","Emohua","Rivers","441","4.8851","6.8612",NULL,NULL
"717","Ndele","Rivers","441","4.9721","6.7454",NULL,NULL
"718","Etche","Rivers","442","5.0632","7.0498",NULL,NULL
"719","Oshi","Rivers","442","5.0972","6.4873",NULL,NULL
"720","Gokana","Rivers","443","4.6692","7.2869",NULL,NULL
"721","Gokana ","Rivers","443","4.6692","7.2869",NULL,NULL
"722","Bodo","Rivers","443","4.6335","7.2707",NULL,NULL
"723","Ibeno","Akwa Ibom","444","4.5778","8.1557",NULL,NULL
"724","Alkaleri","Bauchi","444","10.2713","10.3301",NULL,NULL
"725","Duguri","Bauchi","444","9.6539","10.7471",NULL,NULL
"726","Bauchi","Bauchi","445","10.31","9.8404",NULL,NULL
"728","Rafin Zurfi","Bauchi","445","10.2592","9.786",NULL,NULL
"729","Gwallameji area","Bauchi","445","10.2558","9.7782",NULL,NULL
"730","Kangere","Bauchi","445","10.2589","9.9989",NULL,NULL
"731","Bogoro","Bauchi","446","9.6679","9.6049",NULL,NULL
"732","Boi","Bauchi","446","9.5751","9.478",NULL,NULL
"733","Dambam","Bauchi","447","11.6412","10.7549",NULL,NULL
"734","Darazo","Bauchi","448","10.9965","10.4088",NULL,NULL
"735","Dass","Bauchi","449","9.9894","9.5006",NULL,NULL
"736","Bagel","Bauchi","449","10.0472","9.5962",NULL,NULL
"737","Ganjuwa","Bauchi","451","10.8578","10.1704",NULL,NULL
"738","Miya","Bauchi","451","10.8959","9.8292",NULL,NULL
"739","Itas/Gadau","Bauchi","453","11.9343","10.1255",NULL,NULL
"740","Gumau","Bauchi","461","10.2552","9.0157",NULL,NULL
"741","Jamaare","Bauchi","454","11.6697","9.9283",NULL,NULL
"742","katagum","Bauchi","455","12.2857","10.3484",NULL,NULL
"743","Kirfi","Bauchi","456","10.3562","10.5296",NULL,NULL
"744","Misau","bauchi","457","11.314","10.4652",NULL,NULL
"745","Ningi","Bauchi","458","11.0716","9.5729",NULL,NULL
"746","Shira","Bauchi","459","11.4615","10.0457",NULL,NULL
"747","Tafawa Balewa","Bauchi","460","9.756","9.5562",NULL,NULL
"748","Toro","Bauchi","461","10.0596","9.0709",NULL,NULL
"749","Warji","Bauchi","462","11.1805","9.7539",NULL,NULL
"750","Zaki","Bauchi","463","12.1081","10.3049",NULL,NULL
"751","Aniocha North","Delta","464","6.3545","6.4874",NULL,NULL
"752","Issele-Uku Umunede, Aniocha","Delta","464","6.3197","6.4663",NULL,NULL
"753","Issele-Azagba","Delta","464","6.2679","6.597",NULL,NULL
"754","Aniocha South","Delta","465","6.1283","6.4833",NULL,NULL
"755","Isselle Asagba","Delta","465","6.2679","6.597",NULL,NULL
"756","Ogwashi-Uku","Delta","465","6.1816","6.5303",NULL,NULL
"757","Bomadi","Delta","466","5.1697","5.9297",NULL,NULL
"758","Burutu","Delta","467","5.351","5.5066",NULL,NULL
"759","Ogriagbene Community ","Delta","467","5.1616","5.6741",NULL,NULL
"760","Ethiope East","Delta","468","5.6782","5.9621",NULL,NULL
"761","Abraka","Delta","468","5.7902","6.1047",NULL,NULL
"762","Ethiope West","Delta","469","5.9323","5.751",NULL,NULL
"763","Oghara","Delta","469","5.5908","6.1001",NULL,NULL
"764","Mosogar","Delta","469","5.879","5.7334",NULL,NULL
"765","Oghara ","Delta","469","5.5908","6.1001",NULL,NULL
"766","Ika North","Delta","470","6.2213","6.3013",NULL,NULL
"767","Ika North-East","Delta","470","6.2213","6.3013",NULL,NULL
"768","Ika North-East ","Delta","470","6.2213","6.3013",NULL,NULL
"769","Boji Boji owa","Delta","470","6.2308","6.1897",NULL,NULL
"770","Agbor","Delta","471","6.2538","6.1942",NULL,NULL
"771","Ika South","Delta","471","6.2651","6.1739",NULL,NULL
"772","Agbor Ika South ","Delta","471","6.264","6.2018",NULL,NULL
"773","Isoko North","Delta","472","5.5919","6.2164",NULL,NULL
"774","Ozoro","Delta","472","5.5447","6.2323",NULL,NULL
"775","Isoko South","Delta","473","5.4043","6.1691",NULL,NULL
"776","Olomoro","Delta","473","5.414","6.1408",NULL,NULL
"777","Ndokwa East","Delta","474","5.6511","6.5356",NULL,NULL
"778","Abbi","Delta","475","5.6782","6.2137",NULL,NULL
"779","Kwale","Delta","475","5.7109","6.4413",NULL,NULL
"780","Ndokwa West","Delta","475","5.7368","6.3652",NULL,NULL
"781","Onicha-Ukwuani","Delta","475","5.8336","6.3964",NULL,NULL
"782","Okpe","Delta","476","5.4341","5.9476",NULL,NULL
"783","Okpe ","Delta","476","5.4341","5.9476",NULL,NULL
"784","Oshimili North","Delta","477","6.4077","6.6211",NULL,NULL
"785","Oshimili North ","Delta","477","6.4077","6.6211",NULL,NULL
"786","Asaba","Delta","478","6.2059","6.6959",NULL,NULL
"787","Oshimili South","Delta","478","6.0698","6.6211",NULL,NULL
"788","Oko","Delta","478","6.1454","6.742",NULL,NULL
"789","Patani","Delta","479","5.2288","6.1912",NULL,NULL
"790","Sapele","Delta","480","5.8751","5.6931",NULL,NULL
"791","Amukpe area","Delta","480","5.8607","5.7154",NULL,NULL
"792","Udu","Delta","481","5.4704","5.8354",NULL,NULL
"793","Aladja","Delta","481","5.3333","6.1833",NULL,NULL
"794","Ughelli North","Delta","482","5.6558","6.1103",NULL,NULL
"795","Eruemukowharien","Delta","482","5.5295","5.933",NULL,NULL
"796","Agbarho","Delta","482","5.5856","5.8604",NULL,NULL
"797","Ughelli South","Delta","483","5.2403","5.941",NULL,NULL
"798","Oteri","Delta","483","5.4948","6.0097",NULL,NULL
"799","Ughelli South ","Delta","483","5.2403","5.941",NULL,NULL
"800","Ukwuani","Delta","484","5.8225","6.1951",NULL,NULL
"801","Ukwuani ","Delta","484","5.8225","6.1951",NULL,NULL
"802","Obiaruku","Delta","484","5.8387","6.158",NULL,NULL
"803","Uvwie","Delta","485","5.565","5.7827",NULL,NULL
"804","Effurun","Delta","485","5.55","5.7833",NULL,NULL
"805","Warri North","Delta","486","5.8673","5.1432",NULL,NULL
"806","Warri South","Delta","487","5.6609","5.6037",NULL,NULL
"807","Escravos","Delta","487","5.5833","5.1667",NULL,NULL
"808","Warri South West","Delta","488","5.5787","5.4359",NULL,NULL
"809","Aninri","Enugu","489","6.0362","7.5897",NULL,NULL
"810","Agwu","Enugu","490","6.0779","7.4699",NULL,NULL
"811","Awgu","Enugu","490","6.0779","7.4699",NULL,NULL
"812","Ekiti East","Ekiti","491","7.7259","5.6668",NULL,NULL
"813","Enugu East","Enugu","491","6.5639","7.5681",NULL,NULL
"814","Enugu North","Enugu","492","6.4584","7.5464",NULL,NULL
"815","Enugu South","Enugu","493","6.3849","7.5139",NULL,NULL
"816","Ugwuaji community","Enugu","493","6.4053","7.5572",NULL,NULL
"817","Ezeagu","Enugu","494","6.3846","7.2914",NULL,NULL
"818","Ezeagu ","Enugu","494","6.3846","7.2914",NULL,NULL
"819","Igbo-Etiti","Enugu","495","6.6722","7.4165",NULL,NULL
"820","Aku","Enugu","495","6.7063","7.3118",NULL,NULL
"821","Igbo Eze North","Enugu","496","6.9904","7.4814",NULL,NULL
"822","Igbo-Eze North","Enugu","496","6.9904","7.4814",NULL,NULL
"823","Igbo- Eze South","Enugu","497","6.9386","7.3841",NULL,NULL
"824","Igbo-Eze South","Enugu","497","6.9386","7.3841",NULL,NULL
"825","Isi-Uzo","Enugu","498","6.7309","7.7417",NULL,NULL
"826","Isi-Uzo ","Enugu","498","6.7309","7.7417",NULL,NULL
"827","Nkanu East","Enugu","499","6.3089","7.6548",NULL,NULL
"828","Oruku community","Enugu","499","6.439","7.6487",NULL,NULL
"829","Nkanu West","Enugu","500","6.3322","7.5031",NULL,NULL
"830","Agbani Area","Enugu","500","6.305","7.5626",NULL,NULL
"831","Nsukka","Enugu","501","6.8429","7.3733",NULL,NULL
"832","Oji-River","Enugu","502","6.2537","7.2734",NULL,NULL
"833","Udenu","Enugu","503","6.8828","7.5464",NULL,NULL
"834","Udi","Enugu","504","6.4818","7.3949",NULL,NULL
"835","Uzo-Uwani","Enugu","505","6.7401","7.1359",NULL,NULL
"836","Nkpologwu","Enugu","505","6.7639","7.237",NULL,NULL
"837","Ibegwa-ani","Enugu","505","6.8993","7.3436",NULL,NULL
"838","Auyo","Jigawa","506","12.3606","9.98777",NULL,NULL
"839","Babura","Jigawa","507","12.7747","9.0157",NULL,NULL
"840","Birniwa","Jigawa","508","12.7911","10.2362",NULL,NULL
"841","Birnin Kudu","Jigawa","509","11.4531","9.4756",NULL,NULL
"842","Alu Farms, along Birninkudu-Kano road","Jigawa","509","11.4795","9.4275",NULL,NULL
"843","Dutse","Jigawa","511","11.7024","9.334",NULL,NULL
"844","Beguwa","Jigawa","511","12.6842","10.0317",NULL,NULL
"845","Gagarawa","Jigawa","512","12.4083","9.5291",NULL,NULL
"846","Garki","Jigawa","513","12.4338","9.1816",NULL,NULL
"847","Gumel","Jigawa","514","12.6226","9.384",NULL,NULL
"848","Guri","Jigawa","515","12.6334","10.4811",NULL,NULL
"849","Gwaram","Jigawa","516","11.2778","9.8837",NULL,NULL
"850","Hadejia","Jigawa","518","12.4506","10.0404",NULL,NULL
"851","Jahun","Jigawa","519","12.0789","9.6258",NULL,NULL
"852","Gunka","Jigawa","519","12.1444","9.3676",NULL,NULL
"853","Kafin Hausa","Jigawa","520","12.1898","9.9242",NULL,NULL
"854","Kazaure","Jigawa","521","12.6533","8.4121",NULL,NULL
"855","Daurawa","Jigawa","521","12.5522","8.9161",NULL,NULL
"856","Kiri kasama","Jigawa","522","12.5942","10.2145",NULL,NULL
"857","Udawa","Kaduna","522","10.5991","6.9427",NULL,NULL
"858","Kiyawa","Jigawa","523","11.7861","9.6091",NULL,NULL
"859","Maigatari","Jigawa","525","12.8051","9.4478",NULL,NULL
"860","Malam Maduri","Jigawa","526","12.551","10.0276",NULL,NULL
"861","Miga","Jigawa","527","12.2384","9.7107",NULL,NULL
"862","Ringim","Jigawa","528","12.2852","9.473",NULL,NULL
"863","Roni","Jigawa","529","12.5675","8.3485",NULL,NULL
"864","Sule-Tankakar","Jigawa","530","12.6612","9.2296",NULL,NULL
"865","Taura","Jigawa","531","12.2278","9.2827",NULL,NULL
"866","Yankwashi","Jigawa","532","12.7831","8.5062",NULL,NULL
"867","Birnin Gwari","Kaduna","533","10.6613","6.5383",NULL,NULL
"868","Birnin Giwa","Kaduna","533","11.2802","7.4179",NULL,NULL
"869","Gwari","Kaduna","533","10.6613","6.5383",NULL,NULL
"870","Chikun","Kaduna","534","10.2697","7.1101",NULL,NULL
"871","Kakau","Kaduna","534","10.3081","7.4814",NULL,NULL
"872","Jankasa","Kaduna","534","9.7121","8.4615",NULL,NULL
"873","Kankomi","Kaduna","534","10.3357","7.524",NULL,NULL
"874","Kujama","Kaduna","534","10.4802","7.6358",NULL,NULL
"875","Igabi","Kaduna","536","10.3764","7.7095",NULL,NULL
"876","Birnin Yero","Kaduna","536","10.7894","7.5488",NULL,NULL
"877","Barakallahu","Kaduna","536","10.6232","7.4581",NULL,NULL
"878","Rafin Kura","Kaduna","536","10.6103","7.4635",NULL,NULL
"879","Ikara","Kaduna","537","11.1788","8.2268",NULL,NULL
"880","Jema'a","Kaduna","539","9.3607","8.2213",NULL,NULL
"881","Kafanchan","Kaduna","539","9.5849","8.2924",NULL,NULL
"882","Afana","Kaduna","539","9.5205","8.1731",NULL,NULL
"883","Kachia","Kaduna","540","9.8734","7.9552",NULL,NULL
"884","Kachia ","Kaduna","540","9.8734","7.9552",NULL,NULL
"885","Kaduna North","Kaduna","541","10.5432","7.449",NULL,NULL
"886","Unguwar Rimi","Kaduna","541","10.5373","7.4652",NULL,NULL
"887","Kaduna South","Kaduna","542","10.4631","7.4138",NULL,NULL
"888","Barnawa","Kaduna","542","10.4822","7.4327",NULL,NULL
"889","Kaduna South ","Kaduna","542","10.4631","7.4138",NULL,NULL
"890","Kagarko","Kaduna","543","9.491","7.6955",NULL,NULL
"891","Kajuru","Kaduna","544","10.315","7.6657",NULL,NULL
"892","Doka","Kaduna","544","10.543","7.4293",NULL,NULL
"893","Kaura","Kaduna","545","9.6322","8.5035",NULL,NULL
"894","Kaura  ","Kaduna","545","9.6322","8.5035",NULL,NULL
"895","Chawai","Kaduna","546","10.0199","8.5912",NULL,NULL
"896","Kubau","Kaduna","547","10.8009","8.1571",NULL,NULL
"897","Kudan","Kaduna","548","11.2643","7.7634",NULL,NULL
"898","Lere","Kaduna","549","10.3853","8.5735",NULL,NULL
"899","Saya Saya","Kaduna","549","11.2143","8.3636",NULL,NULL
"900","Makarfi","Kaduna","550","11.3766","7.8803",NULL,NULL
"901","Sabon Gari","Kaduna","551","11.1766","7.6765",NULL,NULL
"902","Sanga","Kaduna","552","9.2216","8.5282",NULL,NULL
"903","Zangon Kataf","Kaduna","554","9.8906","8.2213",NULL,NULL
"904","Gidan Waya","Kaduna","554","9.4328","8.4294",NULL,NULL
"905","Zaria","Kaduna","555","11.1247","7.7254",NULL,NULL
"906","Bakori","Katsina","556","11.5577","7.4246",NULL,NULL
"907","Batagarawa","Katsina","557","12.9049","7.6033",NULL,NULL
"908","Batsari","Katsina","558","12.7578","7.2491",NULL,NULL
"909","Maiturmi","Katsina","558","13.1642","8.2513",NULL,NULL
"910","Baure","Katsina","559","12.7889","8.7891",NULL,NULL
"911","Bindawa","Katsina","560","12.6706","7.8096",NULL,NULL
"912","Charanchi","Katsina","561","12.673","7.7281",NULL,NULL
"913","Dandume","Katsina","562","11.3907","7.2221",NULL,NULL
"914","Danja","Katsina","563","11.3794","7.5599",NULL,NULL
"915","Dan Musa","Katsina","564","12.2627","7.3328",NULL,NULL
"916","Daura","Katsina","565","13.0315","8.3225",NULL,NULL
"917","Dutsi","Katsina","566","12.8296","8.1386",NULL,NULL
"918","Dutsin-Ma","Katsina","567","12.4419","7.4909",NULL,NULL
"919","Faskari","Katsina","568","11.7202","7.031",NULL,NULL
"920","Sheme","Katsina","568","12.464","7.5125",NULL,NULL
"921","Funtua","Katsina","569","11.5185","7.3129",NULL,NULL
"922","Jibia","Katsina","571","13.1027","7.2147",NULL,NULL
"923","Zandam","Katsina","571","12.9959","7.2575",NULL,NULL
"924","Kafur","Katsina","572","11.6505","7.6548",NULL,NULL
"925","Kaita","Katsina","573","13.1757","7.686",NULL,NULL
"926","kankara","Katsina","574","11.9313","7.4138",NULL,NULL
"927","Kankara","Katsina","574","11.9313","7.4138",NULL,NULL
"928","Kankia","Katsina","575","12.4622","7.8286",NULL,NULL
"929","Katsina","Katsina","576","12.3797","7.6306",NULL,NULL
"930","Kurfi","Katsina","577","12.6686","7.4841",NULL,NULL
"931","Kusada","Katsina","578","12.4621","7.977",NULL,NULL
"932","Mai'Adua","Katsina","579","13.1468","8.2261",NULL,NULL
"933","Malumfashi","Katsina","580","11.7929","7.6168",NULL,NULL
"934","Gora village","Katsina","580","11.9154","7.665",NULL,NULL
"935","Mani","Katsina","581","12.8514","7.8694",NULL,NULL
"936","Mashi","Katsina","582","12.979","7.947",NULL,NULL
"937","Matazu","Katsina","583","12.2363","7.6738",NULL,NULL
"938","Musawa","Katsina","584","12.1299","7.6724",NULL,NULL
"939","Rimi","Katsina","585","12.8505","7.7064",NULL,NULL
"940","Sabuwa","Katsina","586","11.3267","7.0714",NULL,NULL
"941","Safana","Katsina","587","12.4141","7.4138",NULL,NULL
"942","Sandamu","Katsina","588","12.9617","8.3609",NULL,NULL
"943","Aliero","Kebbi","590","12.2885","4.4735",NULL,NULL
"944","Argungu","Kebbi","592","12.7424","4.528428072",NULL,NULL
"945","Augie","Kebbi","593","12.8932","4.5999",NULL,NULL
"946","Baguda","Kebbi","594","11.4008","4.2256",NULL,NULL
"947","Bagudo","Kebbi","594","11.4008","4.2256",NULL,NULL
"948","Birnin-Kebbi ","Kebbi","595","12.4338","4.188929539",NULL,NULL
"949","Birnin-Kebbi","Kebbi","595","12.4516","4.193339049",NULL,NULL
"950","Bunza","Kebbi","596","12.0916","4.0108",NULL,NULL
"951","Fakai","Kebbi","598","11.5108","5.1035",NULL,NULL
"952","Fakai ","Kebbi","598","11.5108","5.1035",NULL,NULL
"953","Magama","Kebbi","599","10.3116","4.9767",NULL,NULL
"954","Jega","Kebbi","600","12.0241","4.366420456",NULL,NULL
"955","Kalgo","Kebbi","601","12.3342","4.2",NULL,NULL
"956","Fikai","Kebbi","601","11.4942","4.2333",NULL,NULL
"957","Koko","Kebbi","602","11.4277","4.516",NULL,NULL
"958","Dan Umaru","Kebbi","602","11.3485","6.0891",NULL,NULL
"959","Maiyama","Kebbi","603","11.8103","4.3565",NULL,NULL
"960","Ngaski","Kebbi","604","10.4092","4.7187",NULL,NULL
"961","Sakaba","Kebbi","605","11.0655","5.5965",NULL,NULL
"962","Shanga","Kebbi","606","11.2131","4.5792",NULL,NULL
"963","Suru","Kebbi","607","11.9253","4.1834",NULL,NULL
"964","Wasagu","Kebbi","608","11.3739","5.8117",NULL,NULL
"965","Wasagu/Danko","Kebbi","608","11.3739","5.8117",NULL,NULL
"966","Danko Wasagu ","Kebbi","608","11.3799","5.6458",NULL,NULL
"967","Yauri","Kebbi","609","10.9925","4.5212",NULL,NULL
"968","Zuru","Kebbi","610","11.4384","5.2319",NULL,NULL
"969","Asa","Kwara","611","8.4154","4.4388",NULL,NULL
"970","Asa ","Kwara","611","8.4154","4.4388",NULL,NULL
"971","Baruten","Kwara","612","9.3493","3.5813",NULL,NULL
"972","Edu","Kwara","613","8.8892","5.1432",NULL,NULL
"973","Lafiagi","Kwara","613","8.8525","5.4044",NULL,NULL
"974","Agbeku","Kwara","615","8.4422","4.9455",NULL,NULL
"975","Idofian","Kwara","615","8.3769","4.7151",NULL,NULL
"976","Ilorin East","Kwara","616","8.6083","4.7899",NULL,NULL
"977","Ilorin South","Kwara","617","8.4347","4.6657",NULL,NULL
"978","Ilorin South ","Kwara","617","8.4347","4.6657",NULL,NULL
"979","Alagbado","Kwara","617","8.385","4.4723",NULL,NULL
"980","Ilorin West","Kwara","618","8.4912","4.5109",NULL,NULL
"981","Ogidi","Kwara","618","8.5161","4.4826",NULL,NULL
"982","Isin","Kwara","620","8.2338","5.0182",NULL,NULL
"983","Kaiama","Kwara","621","9.6062","3.9419",NULL,NULL
"984","Jebba","Kwara","622","9.1193","4.8261",NULL,NULL
"985","Moro","Kwara","622","8.8957","4.645",NULL,NULL
"1167","Tomm","Abia",NULL,"5.1268","7.3679",NULL,NULL
"1168","Port-Harcourt","Rivers",NULL,"4.7535870046157","7.0386609520745",NULL,NULL
"1169","Maradun","Zamfara",NULL,"12.714700545773","6.2291491864954",NULL,NULL
"1170","Bungudu","Zamfara",NULL,"12.265999123246","6.555265890151",NULL,NULL
"1171","Ifako-Ijaye","Lagos",NULL,"6.6800302330338","3.2642231160128",NULL,NULL
"1172","Mangu","Plateau",NULL,"9.4868624272809","9.1403243705926",NULL,NULL
"1173","Diffa","Niger",NULL,"13.31315669545","12.616069521351",NULL,NULL
"1174","Abeoluta South","Ogun",NULL,"7.1551430115282","3.3454634754829",NULL,NULL
"1175","Maru","Zamfara",NULL,"10.51042138484","7.414179279844",NULL,NULL
"1176","Ngazai","Borno",NULL,"12.484342766951","13.210221167493",NULL,NULL
"1177","Giwa","Kaduna",NULL,"11.094834810391","7.2677021623234",NULL,NULL
"1178","Oriade","Ogun",NULL,"7.4287097875844","4.9091964564713",NULL,NULL
"1179","Owerri Municipal","Imo",NULL,"5.4898602231071","7.02807332701",NULL,NULL
"1180","Ose","Ondo",NULL,"7.1994144902476","5.593194465047",NULL,NULL
"1181","Lagos","Yes",NULL,"Eyita","6.5999976",NULL,NULL
"1182","Eyita","Lagos",NULL,"6.5999976","3.499998",NULL,NULL
"1183","Kawuri","Borno",NULL,"11.58605","13.00278",NULL,NULL
"1184","Kirikiri","Lagos",NULL,"6.4499982","3.3666652",NULL,NULL
"1185","Abubor Nnewichi","Anambra",NULL,"5.99994","6.90177",NULL,NULL
"1186","Bolari","Gombe",NULL,"10.8238","10.7722",NULL,NULL
"1187","Oda","Ondo",NULL,"6.21743","4.96459",NULL,NULL
"1188","Kano","Kano",NULL,"12.00012","8.51672",NULL,NULL
"1189","Umugo","Abia",NULL,"5.93998","7.41034",NULL,NULL
"1190","Gbeji-Afia","Taraba",NULL,"7.28534","10.58702",NULL,NULL
"1191","Kaduna","Kaduna",NULL,"10.52641","7.43879",NULL,NULL
"1192","Calabar","Cross River",NULL,"4.99088","8.30343",NULL,NULL
"1193","Abuja","Federal Capital Territory",NULL,"8.99997","7.37831",NULL,NULL
"1194","Ologbo","Edo",NULL,"6.16445","5.62284",NULL,NULL
"1195","Ughelli","Delta",NULL,"5.51122","6.04821",NULL,NULL
"1196","Potiskum","Yobe",NULL,"11.7055","11.0683",NULL,NULL
"1197","Zaira","Kaduna",NULL,"11.085541","7.719945",NULL,NULL
"1198","Amac","Federal Capital Territory",NULL,"9.0618","7.4221",NULL,NULL
"1199","Jos","Plateau",NULL,"9.8965","8.8583",NULL,NULL
"1200","Onitsha","Anambra",NULL,"6.1329","6.7924",NULL,NULL
"1201","Osogbo","Osun",NULL,"7.7827","4.5418",NULL,NULL
"1202","Gusau","Zamfara",NULL,"12.1628","6.6745",NULL,NULL
"1203","Sokoto","Sokoto",NULL,"13.0059","5.2476",NULL,NULL
"1204","Gassol","Taraba",NULL,"8.5362","10.4467",NULL,NULL
"1205","Ilorin","Kwara",NULL,"8.5373","4.5444",NULL,NULL
"1206","Ife","Osun",NULL,"7.4905","4.5521",NULL,NULL
"1207","Minna","Niger",NULL,"9.5836","6.5463",NULL,NULL
"1208","Yola","Adamawa",NULL,"9.202143","12.489057",NULL,NULL
"1209","Damaturu","Yobe",NULL,"11.747","11.9662",NULL,NULL
"1210","Akure","Ondo",NULL,"7.2571","5.2058",NULL,NULL
"1211","Ogbomosho","Oyo",NULL,"8.1227","4.2436",NULL,NULL
"1212","Enugu","Enugu",NULL,"6.4483","7.5139",NULL,NULL
"1213","Owo","Ondo",NULL,"7.1989","5.5932",NULL,NULL
"1214","Aiyedade","Osun",NULL,"7.2023","4.2744",NULL,NULL
"1215","Federal Capital Territory","Federal Capital Territory",NULL,"8.8941","7.186",NULL,NULL
"1216","Kuru","Plateau",NULL,"9.7184","8.8359",NULL,NULL
"1217","Lafia","Nasarawa",NULL,"8.506","8.5227",NULL,NULL
"1218","Abeokuta","Ogun",NULL,"7.1475","3.3619",NULL,NULL
"1219","Goronyo","Sokoto",NULL,"13.4409","5.6734",NULL,NULL
"1220","Jos South","Plateau",NULL,"9.7651","8.8142",NULL,NULL
"1221","Ondo West","Ondo",NULL,"7.0257","4.7692",NULL,NULL
"1222","Ogun","Ogun",NULL,"6.998","3.4737",NULL,NULL
"1223","Ibadan","Oyo",NULL,"7.3775","3.947",NULL,NULL
"1224","Ese Odo","Ondo",NULL,"6.257","4.9351",NULL,NULL
"1225","Idanre","Ondo",NULL,"7.1091","5.1158",NULL,NULL
"1226","Zing","Taraba",NULL,"8.9952","11.7467",NULL,NULL
"1227","Awka","Anambra",NULL,"6.222","7.0821",NULL,NULL
"1228","Akoko","Ondo",NULL,"7.5503","5.8776",NULL,NULL
"1229","Wase","Plateau",NULL,"9.0946","9.9605",NULL,NULL
"1230","Jalingo","Taraba",NULL,"8.8929","11.3771",NULL,NULL
"1231","Doma","Nasarawa",NULL,"8.4009","8.3581",NULL,NULL
"1232","Oke Ogun","Oyo",NULL,"7.3418","4.0596",NULL,NULL
"1233","Akoko South-West","Ondo",NULL,"7.3807","5.6668",NULL,NULL
"1234","Jos North","Plateau",NULL,"9.9181","8.8804",NULL,NULL
"1235","Akoko South-East","Ondo",NULL,"7.3807","5.6668",NULL,NULL
"1236","Mubi","Adamawa",NULL,"10.260572934261","13.261527209029",NULL,NULL
"1237","Akure North","Ondo",NULL,"7.2779","5.2684",NULL,NULL
"1238","Wamako","Sokoto",NULL,"13.0367","5.0945",NULL,NULL
"1239","Akure south","Ondo",NULL,"7.2146","5.1641",NULL,NULL
"1240","Kankpara","Katsina",NULL,"11.9313","7.4138",NULL,NULL
"1241","Isa","Sokoto",NULL,"13.2008","6.4051",NULL,NULL
"1242","Akoko North East","Ondo",NULL,"7.5503","5.8776",NULL,NULL
"1243","Akwanga","Nasarawa",NULL,"8.9067","8.4075",NULL,NULL
"1244","Ifedore","Ondo",NULL,"7.3877","5.0807",NULL,NULL
"1245","Rabah","Sokoto",NULL,"13.1226","5.5053",NULL,NULL
"1246","Odigbo","Ondo",NULL,"6.7947","4.8676",NULL,NULL
"1247","Gashaka","Taraba",NULL,"7.3667","11.4868",NULL,NULL
"1248","Owerri","Imo",NULL,"5.5096","7.0391",NULL,NULL
"1249","Ede North","Osun",NULL,"7.7292","4.4697",NULL,NULL
"1250","Karu","Nasarawa",NULL,"8.9928","7.5725",NULL,NULL
"1251","Langtang North","Plateau",NULL,"9.1002","9.8571",NULL,NULL
"1252","Karim Lamido","Taraba",NULL,"9.3204","11.1929",NULL,NULL
"1253","Okitipupa","Ondo",NULL,"6.5025","4.7795",NULL,NULL
